Prick,Royal Prick
Rubber,Rubber Nipple
Punch,Rum Punch
Rusty,Rusty Trombone
Safe,Safe Word
Sausage,Sausage Fest
Earth,Scorched Earth
Screw,Screwdriver
Secret,Secret Sauce
Dungeon,Sex Dungeon
Robot,Sex Robot
Brick,Shit a Brick
Stain,Shit Stain
Storm,Shit Storm
Wedding,Shotgun Wedding
Boob,Side Boob
Side,Side Chick
Silicone,Silicone Fist
Fox,Silver Fox
Orgasm,Simultaneous Orgasm
Queen,Size Queen
Skid,Skid Mark
Slim,Slim Thick
Slip,Slippery Nipple
Sloppy,Sloppy Joe
Bite,Snakebite
Snow,Snowball
Soap,Soap Scum
Sock,Sock Puppet
Sofa,Sofa King
Soft,Soft Serve
Bottom,Soggy Bottom
Son,Son of a Bitch
Whale,Sperm Whale
Spit,Spit Roast
Shine,Spit Shine
Brat,Spoiled Brat
Eagle,Spread- Eagle
Squat,Squat Thrust
Sticky,Sticky Fingers
Stiff,Stiff- Necked
Pinky,Stinky Pinky
Strap,Strap-On
Street,Street Pharmacist
Stretch,Strefch Marks
Tease,Striptease
Muffin,Studmuffin
Sugar,Sugar Mama
Shart,Surprise Shart
Swamp,Swamp Ass
Jar,Swear Jar
Club,Swingers Club
Sword,Sword Fight
Taint,Taint Tease
Tea,Teabag
Porn,Tentacle Porn
Thick,Thick Blunt
Thigh,Thigh High
Base,Third Base
Thirst,Thirst Trap
Song,Thong Song
Thot,Thot Shit
Thunder,Thunder Thighs
Tickle,Tickle Torture
Tight,Tight Ass
End,Tight End
Date,Tinder Date
Tit,Titmouse
Twister,Titty Twister
Bath,Tongue Bath
Tongue,Tongue Lashing
Salad,Tossed Salad
Tough,Tough Shit
Towel,Towel Off
Stamp,Tramp Stamp
Trash,Trash Talk
Trip,Tripping Balls
Truffle,Truffle Butter
Cut,Uncut
Unicorn,Unicorn Hunter
Monologue,Vagina Monologues
Vase,Vasectomy
Virgin,Virginity Pact
Shame,Walk of Shame
Jelly,Warming Jelly
Balloon,Water Balloon
Bed,Waterbed
Sport,Watersports
Knee,Weak Knees
Brownie,Weed Brownies
Pussy,Wet Ass Pussy
Dream,Wet Dream
Wet,Wet Spot
Wheel,Wheelbarrow
Whiskey,Whiskey Dick
Wine,Wine and Dine
Mom,Wine Mom
Paddle,Wooden Paddle
Yeast,Yeast Infection
Yoga,Yoga Queef
Cup,Cups Size
Chain,Daisy Chain
Throat,Deepthroat
Dam,Dental Dam
Devil,Devil's Advocate
Dong,Ding Dong
Berry,Dingleberry
Laundry,Dirty Laundry
Diva,DivaCup
Bar,Dive Bar
Dock,Docking
Double,Double Penetration
Fist,Double- Fisting
Bag,Douchebag
King,Drag King
Lizard,Drain the Lizard
Deuce,Drop a Deuce
Dry,Dry Martini
Truck,Dump Truck
Dumpster,Dumpster Dive
Oven,Dutch Oven
Worm,Earworm
Eat,Eat Out
Panties,Edible Panties
Tower,Eiffel Tower
Toothbrush,Electric Toothbrush
Bunny,Energizer Bunny
Erect,Erectile Dysfunction
Booger,Eye Booger
Face,Face-Sitting
Jewel,Family Jewels
Fiction,Fan Fiction
Pack,Fanny Pack
Fart,Fartknocker
Matter,Fecal Matter
Pics,Feet Pics
Food,Finger Food
Crotch,Firecrotch
Taco,Fish Taco
Condom,Flavored Condom
Light,Fleshlight
Flip,Flip the Bird
Fruit,Forbidden Fruit
Skin,Foreskin
Accident,Freak Accident
Bench,Fuck Bench
Boy,Fuck Boy
Up,Fuck Up
Buddy,Fuck Buddy
Fur,Fur Suit
Fuzzy,Fuzzy Navel
Spot,G-Spot
Ball,Ball Gag
Gag,Gag Reflex
Mask,Gimp Mask
Glass,Glass Dildo
Donut,Glazed Donut
Hole,Glory Hole
Command,Go Commando
Bag,Body Bag
Shower,Golden Shower
Cute,Cute Fupa
Strong,Strong Hooch
Pleasure,Guilty Pleasure
Bear,Gummy Bear
Gym,Gym Bunny
Half,Half-Assed
Hand,Handcuffs
Nail,Hangnail
Hangover,Hangover Cure
Ending,Happy Ending
Trail,Happy Trail
Shop,Head Shop
Helicopter,Helicopter Dick
Squirt,Hershey Squirt
Flask,Hip Flask
Holy,Holy Shit
Period,Honeymoon Period
Hook,Hookup
Horny,Horny Jail
Box,Hotbox
Hot,Hot Toddy
Day,Hump Day
Ice,Ice Luge
Play,Impact Play
Exposure,Indecent Exposure
Jade,Jade Egg
Jaw,Jawbreaker
Jello,Jello Wrestling
Jerk,Jerk Off
Jock,Jockstrap
Tip,Just the Tip
Exercise,Kegel Exercise
Bucket,Kick the Bucket
Kiss,Kissing Cousins
Knock,Knocking Boots
Lace,Lacey Lingerie
Strip,Landing Strip
Dance,Lap Dance
Gloves,Latex Gloves
Daddy,Leather Daddy
Harness,Leather Harness
Whip,Leather Whip
Limp,Limp Dick
Hell,Living Hell
Load,Load- Bearing
Loose,Loose Lips
Stool,Loose Stool
Moan,Loud Moan
Love,Love Rug
Handle,Love Handles
Lube,Lube Tube
Wand,Magic Wando
Make,Make Out
Cover,Manhole Cover
Man,Manscape
Maple,Maple Bar
Massage,Massage Oil
Mast,Masturbate
Curtain,Meat Curtains
Bull,Mechanical Bull
High,Mile High Club
Shake,Milkshake
Mind,Mindfuck
Mission,Missionary Position
Moist,Moist Towelette
Money,Money Maker
Shot,Money Shot
Knuckle,Moose Knuckle
Breath,Morning Breath
Morning,Morning Wood
Fuck,Motherfucker
Boat,Motorboat
Mouth,Mouth Feel
Mud,Mudslide
Dive,Muff Dive
Top,Muffin Top
Mustache,Mustache Ride
Consent,Mutual Consent
Neck,Neck Hickey
Chill,Neflix and Chill
Nipple,Nipple Clamp
Nose,Nosebleed
Selfie,Nude Selfie
Underwear,Used Underwear
Old,Old Fashioned
Rock,On the Rocks
Stand,One-Night Stand
Work,Sex Work
Fly,Open Fly
Hose,Pantyhose
Smear,Pap Smear
Pay,PayPig
Pearl,Pearl Necklace
Tape,Pee Tape
Peg,Pegging
Code,Penal Code
Penis,Penis Envy
Wrinkle,Penis Wrinkle
Pickle,Pickleback
Pillow,Pillow Princess
Talk,Pillow Talk
Pinch,Pinch One
Eye,Pink Eye
Poor,Piss-Poor
Contest,Pissing Contest
Plan,Plan B
Platform,Platform Heels
Foot,Play Footsie
Pole,Pole Dance
Pop,Pop Molly
Throne,Porcelain Throne
Positive,Positive Vibes
Post,Post Up
Potty,Potty Training
Dog,Prairie Dog
Scare,Pregnancy Scare
Prince,Prince Albert
Anus,Prolapsed Anus
Exam,Prostate Exam
Hair,Pubic Hair
Pull,Pull Out
Puppy,Puppy Leash
Bra,Push-Up Bra
Magnet,Pussy Magnet
Willow,Pussy Willow
Raw,Raw Dog
Reach,Reach Around
Flag,Red Flag
Red,Red Light District
Ecstasy,Religious Ecstasy
Rim,Rim Job
Rip,Rip Ass
Head,Road Head
Road,Road Rage
Hard,Rock Hard
Oyster,Rocky Mountain Oyster
Roll,Roll Up
Novel,Romance Novel
Rose,Rosebud
Acid,Acid Trip
Taste,Acquired Taste
Diaper,Adult Diaper
Afternoon,Afternoon Delight
Amateur,Amateur Hour
Anal,Anal Suppository
Candy,Arm Candy
Clap,Ass Clap
Clown,Ass Clown
Deep,Ass Deep
Ass,Assless Chaps
Wedgie,Afomic Wedgie
Aunt,Aunt Flo
Auto,Autoerotic Asphyxiation
Baby,Baby Daddy
Bachelorette,Bachelorette Party
Door,Back Door
Dick,Bag of Dicks
Juice,Ball Juice
Sack,Ball Sack
Hammock,Banana Hammock
Bang,Bang Bang Bang
Fire,Bapfism by Fire
Back,Bareback
Salt,Bath Salts
Cake,Beefcake
Beef,Beef Jerky
Belly,Beer Belly
Beer,Beer Pong
Energy,Big Dick Energy
Big,Big O
Bikini,Bikini Wax
Birthday,Birthday Suit
Mark,Bite Mark
Blood,Bloody Mary
Job,Blow Job
Doll,Blow-Up Doll
Blue,Blue Balls
Waffie,Blue Waffie
Body,Body Shots
Shell,Bombshell
Rope,Bondage Rope
Water,Bong Water
Sweat,Boob Sweat
Trap,Booby Trap
Boot,Boot Licker
Call,Booty Call
Shorts,Booty Shorts
Boss,Boss Bitch
Leg,Break a Leg
Wind,Break Wind
Breakup,Breakup Sex
Breast,Breast Implants
Milk,Breast Milk
Pump,Breast Pump
Stroke,Breaststroke
Bubble,Bubble Butt
Party,Bukkake Party
Bulk,Bulkhead
Rush,Bum Rush
Bump,Bump Uglies
Bush,Bushy Muff
Butt,Butt Plug
Coupon,Coochie Coupon
Girl,Cam Girl
Camel,Cameltoe
Carpet,Carpet Muncher
Cat,Catfish
Fold,Cenferfold
Horse,Charlie Horse
Room,Chat Room
Cheek,Cheeky Bastard
Cheese,Cottage Cheese
Chicken,Choke the Chicken
Rub,Chub Rub
Chaser,Chubby Chaser
Core,Soft-Core
Circle,Circle Jerk
Steamer,Cleveland Steamer
Cluster,Cluster Fuck
Cocaine,Cocaine Highway
Block,Cock Block
Ring,Cock Ring
Pit,Cockpit
Tail,Cocktail
Coffee,Coffee Enema
Clean,Come Clean
Corpse,Corpse Reviver
Cosfume,Cosfume Orgy
Cow,Cow Girl
Crap,Crap Shoot
Corn,Creamed Corn
Pie,Creampie
Crop,Crop Dust
Stream,Crossing Streams
Fetish,Cuckold Fetish
Puddle,Cuddle Puddle
Cookie,Cum Cookie
Cum,Cum Guzzler
Rag,Cum Rag
